countNN	distanceNN	percentNN	datasetkey
74	0.18	0.6066	00199071-3d3d-41c4-9a77-36fe8d84fa2f
714	0.18	0.8207	00928a0b-bc65-4840-9380-082282882fbd
50	0.09	0.6579	00f1e93e-105d-4126-99e2-f58f1e98e5a0
8761	0.09	0.8817	01d9098d-7dec-4235-b783-c537478cd4c2
64	0.09	0.8649	02a6c056-deea-4085-b5e2-313499583ae0
143	0.09	0.5071	035c61a1-b2a0-4c10-bf96-577997b3b21a
82	0.09	0.5062	0375fd40-83ee-439a-8ad9-62375d769ac9
674	0.18	0.814	0387f456-7b71-44bc-bb41-04478624021c
237	0.09	0.9673	03da4c68-c923-4ff0-9529-77889e0a1ffe
1183	0.03	0.3209	03e65043-bb3d-4234-9a9c-ec13da707d9a
904	0.18	0.7386	040d0116-7d19-45bc-8fe5-3f24b5965748
92	0.09	0.9583	0411f349-bbe6-4e47-969e-f06d2d07779d
202	0.09	0.3544	042e5744-80f1-41ef-8e4f-02ce69d86a42
62	0.09	0.8732	04883d31-9c89-4f63-b9f6-578b775c55cc
825	0.18	0.835	053cc46d-7d65-42e9-9577-4c39c90693d8
151	0.09	0.8297	05680501-cc60-45de-9fa7-bb284db274a9
61	0.09	0.7093	057f5884-34b8-41af-b09d-937be2244ae6
284	0.09	0.9132	05d2d309-cebb-46eb-8863-0df342c006cd
471	0.09	0.6533	05db3ca4-e534-4a91-abcd-f6bfdd2989ad
2780	0.09	0.9851	05f109ca-e39a-44e8-8774-85ba6d0caa8a
78	0.09	1	06ca0401-92c5-43f2-9ef0-236f13bc6a79
31	0.09	0.9118	07609307-26f9-490f-89ea-4e74497e3c0d
1361	0.09	0.7052	0797c245-3f7f-42db-b822-550a36b2a922
1290	0.09	0.688	07adabd1-4687-48ce-aa5f-fb32fbf02108
92	0.05	0.6619	07dd136a-13f2-4814-aa0e-f4cf2b0c73f5
182	0.1	0.5	083a4342-39f7-4fe0-a03c-d14ab3b9c5e2
39	0.09	0.8478	08a91271-2da8-48aa-9382-68c724ea852c
34	0.09	1	094d437c-6453-488c-803d-7fc243d9d730
41	0.18	0.3534	0962ca17-57f0-430d-88bf-af3876dd6cf7
681	0.18	0.8117	0975a2ac-7b5f-4262-a0f4-7d3e318ab6ad
80	0.09	0.9756	09969fa8-116e-4506-ac06-61bb0b32c7c0
126	0.09	0.4286	0a03ca5c-4fd2-4b52-ae12-af4ff8fc6f00
762	0.25	0.8124	0a4f3e3b-1910-445a-afa7-9b93abe69ee1
35	0.09	0.9459	0a7c41ce-596e-408f-ab86-0614aba3f750
91	0.18	0.5482	0a930b5a-91e5-4f53-b84c-6fc2b508c44f
729	0.18	0.8247	0ac4f1b5-472c-40d9-9e10-753ea0dd7c1a
598	0.18	0.8016	0b5b7100-63a8-406d-a6ff-0b1a5f016a61
366	0.09	0.366	0b5f972e-0f84-4d07-9b84-96c09e2925da
454	0.18	0.7061	0b673581-fad1-4ee0-ab40-f8d10c729268
80	0.09	0.8791	0b9aadca-7e08-4f6d-8855-b7b2358aff02
39	0.1	0.7959	0ba1bf20-e8a7-4226-99b8-bf6a812dbfb9
497	0.09	0.8796	0ba9e717-078e-4611-83db-f3b91ef03339
47	0.09	0.7966	0c760ed9-6b18-45e2-9945-d6c43e72e244
39	0.09	0.975	0c8a1eba-904f-4ed9-aef2-44b3acb00351
74	0.09	0.7048	0c956a2f-9849-4a12-adcf-afc5dd17eae8
81	0.18	0.5704	0ce63308-8e68-43e1-b081-fabcf78e65fa
414	0.09	0.9452	0d6fa0fb-a1ab-422a-bdad-dd880651f40e
1287	0.04	0.9795	0d7c6a1a-0aab-47dc-8256-f23fefac69cd
388	0.09	0.9923	0d8cc344-d880-42ec-a200-40b4ad71affd
95	0.16	0.3156	0e8b0e10-1680-4d71-ae93-f61bd7933b1d
75	0.09	0.9375	0ee9e63e-8eda-4bb1-aab1-9a29232cf437
60	0.18	0.458	0f135867-0c9d-4275-ba95-2e6babe87584
242	0.18	0.7055	0f2f6bc5-b352-47c6-8e96-9e0eda5ba3e3
770	0.18	0.8244	0f61447b-f8dc-40cb-bc20-2e57c6a98f26
209	0.09	0.8427	0f925245-6ac9-4efb-b40f-0f89bf45e039
140	0.18	0.5691	0fc0161f-bb2c-4071-9cab-7b08c207b6f5
608	0.18	0.7906	100247eb-0bae-4e3a-a874-f62aecac15f9
41	0.09	0.6212	1059a468-d596-4a6a-bbf6-486aa56c1f53
36	0.09	1	10b1f2ee-2a7a-4603-8ef8-209541ca539c
57	0.09	0.3519	111a8e87-929e-4212-a1d7-8825e0f49e61
1785	0.09	0.9818	1199003d-8b75-410d-a843-7ff64b21e330
847	0.18	0.8403	1225f6fb-5b9e-4fcf-8a48-5bb02de4f145
57	0.09	1	124129be-8d5e-4694-b1ae-32e84976f6d2
137	0.18	0.5569	128bc4ad-fc5c-44c2-8005-a1768f587704
49	0.5	0.3551	12ccff8a-cfa8-46f8-a8b0-c6da39cb8910
246	0.09	0.8881	13cc33ab-c1b2-491f-b4e1-6d07b59be814
44	0.09	0.6027	13d53708-111d-40b3-ac66-b582f099685b
174	0.09	0.9405	147834a9-fbff-4357-b8b8-e755c62df2ce
573	0.18	0.7743	14792177-528a-4ef0-83ec-933f4428c6d0
774	0.18	0.835	1507bd69-1257-4a68-921e-4287e3ea7761
554	0.09	0.9552	157e7669-3074-4446-bc67-8829d483d25b
221	0.09	0.9057	165289f9-f323-47aa-ac69-f50a27c51406
41	0.09	0.9111	16734bd8-00cb-48ea-81fd-bdc2b0dcee38
56	0.09	0.448	16f8fcde-0026-4b65-9a1f-d0f5bfe34859
212	0.09	0.5354	170c15ec-9705-46ce-9b9c-3b551f66ece9
1159	0.09	0.6646	17167110-dddf-4c70-adde-2ecc46829521
767	0.18	0.8319	17171ffe-aa86-4b64-bd66-436ce65d301f
67	0.18	0.5537	1720793b-0607-4f65-84e6-4781bd7870e3
109	0.18	0.5166	17709cb2-01b4-434f-ae31-6641c67bf223
583	0.18	0.7773	17cd138e-92e6-4df7-ab1e-50c63a26ec6e
1691	0.09	0.4222	181eab51-9399-4baa-a0df-8de01a3acf19
54	0.09	0.8308	1876c0d1-bc99-42e6-bf9e-f9e4831023e0
5806	0.25	0.8928	1881d048-04f9-4bc2-b7c8-931d1659a354
110	0.05	0.303	18ce0004-0301-4b4b-86f2-9144000226c3
724	0.18	0.8293	19217bc6-84f2-49a9-9e46-ab50777c33ae
838	0.18	0.8422	1989e1ee-4a2b-4d18-9dee-e2b765cfdd32
849	0.18	0.8439	19d567d9-8d61-409a-9979-969929d4fc77
845	0.18	0.8366	1a064c30-14e5-4d64-a01f-45bd376ffea1
1049	0.09	0.6222	1a5dcdf5-099e-4997-a2c4-f4d758dcaf86
207	0.09	0.6743	1a773212-92f8-4a60-b8f6-6b47e3c73245
867	0.18	0.7153	1ab3d288-fcbf-4b71-8630-a37c8debdbad
48	0.09	0.6857	1acd2f97-63ae-4d86-bdc6-a0e9105e5e3a
575	0.18	0.8076	1ad1c7e8-8136-40a9-b21e-9b8291da7382
963	0.09	0.6596	1b4071af-2811-44a9-95ea-9067c74f2430
48	0.18	0.3556	1b4d985a-dce1-40da-bdf4-07166e5f811c
95	0.09	0.3045	1b672ec8-4d5c-4cef-94f9-05c3e02b3be8
492	0.09	0.7961	1b8ab2fc-1b1c-4132-8142-d416ebf76d7c
108	0.09	0.3711	1bead174-082f-4065-be44-bb5de7b53868
845	0.18	0.8366	1bf8b4ee-04bd-481a-a3df-67fc40291e97
356	0.09	0.5597	1c124078-9b39-4042-84af-b2f948dad993
624	0.18	0.7869	1c3a0329-df77-43e6-89b7-fc57a5bd7729
919	0.08	0.9172	1cd0cb6d-d8ab-4e4c-9672-70d22fec96b3
850	0.18	0.8399	1d257f2a-a22a-4c6f-80cd-22f152ad8d46
542	0.18	0.7559	1d2d0c5c-20d2-408c-8627-eedf3cda520e
254	0.09	0.9961	1d9d4582-b0aa-4e91-96cb-f80a0de21680
34	0.09	0.6182	1e7f2660-7d54-41a2-993c-e5ee7030af8c
603	0.18	0.804	1f0919a0-8240-4432-8643-4a8d0f7b1309
36	0.09	0.5714	1f839433-15c1-4c8e-be27-edb7b74340b9
633	0.04	0.9937	1f968e89-ca96-4065-91a5-4858e736b5aa
5456	0.09	0.9929	1fec2829-4ac0-4329-b448-6f768b8d3427
677	0.18	0.8079	203c7594-1960-4294-abf9-ef5d024ea9dd
58	0.09	0.6304	20cc2c2b-7eef-41d0-a5ad-2330e60acf6b
637	0.1	0.9907	21641d2f-655a-415d-9de9-a74da6062473
583	0.18	0.8108	21d60f87-ef97-4ddb-99ed-742d78c06efa
318	0.09	1	22a8e7a7-255a-4f63-83bb-f5f888ed3cd8
109	0.09	0.5924	230b1809-cd8c-44ad-9873-3b0caa7f740a
40	0.09	0.8333	233ba471-91a2-47a4-9946-b7e844f2124c
5264	0.09	0.9483	23bb2c4c-b027-4eb5-b751-57e5d7ea4af6
94	0.1	0.4896	23cdb7f0-a1e4-4821-9986-10e92c5378e4
67	0.09	0.8375	24769f9b-7b12-4a54-ae9b-0d3d07813202
31	0.09	0.4921	24e31afb-7fc7-45d0-a899-3821bfa26730
62	0.09	0.4733	2517480a-8dc6-46f0-9f22-241c77e1e871
75	0.09	1	252291cb-dcd5-4b5d-b3c7-7c828ec46f58
56	0.09	0.8889	266a6795-fd23-4e59-a58b-989df0b5c9d2
1623	0.09	0.9795	26b38a0b-adb7-4b2b-a55b-ad632b5a7777
282	0.09	0.8174	26b81418-1a24-417a-9ec1-9e1f5a160cf7
31	0.09	0.9394	26e9823f-0545-4b67-9e6d-30b16d657835
804	0.18	0.8306	2789b16e-f00b-4f0f-9200-5eaa05acbf15
852	0.18	0.8478	27b264ff-3095-44ab-8c29-9b9ccbe8ee74
560	0.04	0.9825	27e9e069-2862-4183-bcec-1e1a7f74d3e7
58	0.09	0.4234	27efa2e7-c7d1-4cc8-9360-b9600cba732f
580	0.18	0.7923	28126fd6-7201-4d21-89ec-0ee059e36781
1565	0.25	0.9981	282d0ccb-4fa0-40f9-8593-105c77e88417
32	0.09	0.7619	284fb9f7-eaf1-46ea-b9e2-f490efafa63b
41	0.09	0.9762	289f4bfc-4460-43c4-bd43-5248e32f53be
887	0.18	0.7253	28c7cc8e-3163-4c3d-ab4e-31ebd28b068d
57	0.18	0.3455	297813ec-9981-453d-8531-8ddde98b027b
154	0.18	0.5946	29782f30-7271-4383-8a08-e88ed9c87087
121	0.09	0.7961	2989d8ba-26f6-405c-8a7c-60d7b4eb0a1d
334	0.09	0.9882	29cd9f29-7c76-4e6b-a8b8-78d91eaf49bf
853	0.18	0.8338	2a1eb0a6-04c7-438c-b50c-8edcc81eb68f
31	1	0.7381	2aa53e94-8c53-4afc-b246-d58d5bc6b0fd
82	0.09	0.3581	2aabb824-abeb-447d-9715-1a5a9cf71ea3
236	0.18	0.6431	2b977fd8-deb9-4a46-8432-c5770224980e
45	0.09	0.6818	2c09f6f8-8026-4564-9ffd-ba394f537bb7
1062	0.09	0.7066	2c13b330-d6c5-4d4f-a726-129ca8c855cf
683	0.09	0.8209	2c27c186-4ce8-483c-8b4d-c3d98beaabd9
5303	0.09	0.9934	2c4fc27a-8868-4e95-b02d-86302e4ece38
32	0.09	0.6038	2ce8d7c2-3852-4f58-a25e-1fc9e35fe293
334	0.09	0.9356	2ceb7556-fbaf-4a3e-97b2-34696a48a0c3
726	0.18	0.8316	2d151fcc-32ad-4d83-aaaa-1f463c700161
157	0.09	0.3391	2d4aa27f-bacc-4dc2-a692-d25f5d812111
295	0.18	0.6991	2dda5e94-bf56-4321-9787-7438c479a504
80	0.09	0.64	2ee1a588-0be5-4458-8bc5-487b9bd99fe7
41	0.09	0.9762	2f79cc6e-6b14-4162-a4b5-e7415f0716ea
162	0.09	0.7678	2fd8c8c0-6c13-4653-afe9-151a23665667
899	0.25	0.7838	2fea4042-5aba-4cda-bab9-adcfa2bbe97d
726	0.18	0.8103	30ba0b42-991d-47d8-b553-940082bee207
190	0.04	0.5605	30eca5bd-6a4f-46de-9e6f-d6ede90850dc
774	0.18	0.8368	3105f9e9-4bdb-4726-83c0-9ad685306329
47	0.09	0.4434	3140bc4a-5979-4b29-83ec-8a8e5529fe50
218	0.09	0.4609	3158875a-b199-4607-9e7d-bdebc0f2f87d
853	0.18	0.8421	315ad955-fe8a-4c78-88b6-6b0ff033a50d
261	0.04	0.4003	3186cd3f-a7d0-4e64-bb60-630e20a47fa6
889	0.18	0.7323	32219fa0-4b5f-4f3f-b119-5923d6995b3a
595	0.18	0.7902	32682088-8a29-487e-89dd-96a250e94393
72	0.09	0.9231	3289de2c-d2e5-434e-8ad3-6c9a8ff5d8e2
219	0.1	0.8975	3294d36a-987c-4dcb-8ecf-bd2082796f08
366	0.09	0.5487	329d2323-9fe5-47b2-ac4b-6d1c984cd4ac
56	0.18	0.4828	32ba223a-0c17-46f0-b1e5-244eeefa8839
34	0.09	0.8095	32d14bd1-05d2-4814-add6-965870279bad
54	0.1	0.871	32fc6edb-1636-4ca6-894c-40670484f792
563	0.18	0.7712	32ff6715-d810-411f-90d7-025804c64e10
212	0.09	0.5084	33244db4-63eb-446f-bd83-16e4119ad6e3
63	0.04	0.4315	3331bcd4-f85e-4252-8e92-3aaa6fdc3eca
199	0.09	0.8578	3357e981-465f-40c5-8154-ec2672d963c0
48	0.09	0.9412	34ca4f5c-f7bd-46d0-95a0-fe954a5074b3
82	0.09	0.9425	350d3482-f9fe-45ba-8fd7-2a008385f633
710	0.18	0.8096	353cabdf-17f8-4e47-9656-47f333d7704c
149	0.18	0.5753	35bf60cf-8c2f-4b87-8103-1cdb866226af
148	0.18	0.5585	3661bc4b-9f68-4729-b691-24dfa027a7a4
46	0.09	0.9388	369792d2-c509-4971-b6c5-0dffca53037e
45	0.09	0.7377	36afb3b5-e683-44f5-b640-7f8f3f32d854
90	0.09	0.72	36c73b4b-9b3d-4ba7-8bb9-7177b224aace
98	0.18	0.5665	36cbcb77-ac64-46b8-a560-15f8386ba30b
345	0.09	0.8734	36eb7766-a926-4903-b195-9e342fe588d5
114	0.09	0.9744	374645a1-0980-46bd-b7ef-a23b767c0f72
666	0.18	0.8083	37b814a3-8ff3-44a5-aee6-a5b3c917e6d0
608	0.04	0.9951	37e094f3-dcf2-469f-93a2-c4b9b5fa7275
45	0.09	0.8824	38b496a8-65cf-4278-b4f1-3be314bba3af
67	0.09	0.8816	39676c5a-7f9a-4fa7-971f-7cef77cdc723
79	0.09	0.8681	3968e868-da6f-4120-a0e0-47a5bb6cb5dc
841	0.18	0.8318	39c979e6-7f99-457b-a467-946c4643d55e
32	0.09	0.8	3a04668f-4201-47f0-8ec2-69c6dbd0d238
67	0.33	1	3a8512a0-33cf-11de-afc6-b8a03c50a862
759	0.18	0.8214	3b1325b0-7fbc-4997-bb59-e21f09717730
31	0.09	0.369	3b1446e8-5f26-49aa-9d69-29da12940dda
316	0.09	0.6502	3b45e79d-df3f-4f3f-a0c9-a3a3f0ca2d46
32	0.09	0.7805	3b5f32ff-46d0-4c9b-a247-100afd96f331
79	0.09	0.9405	3b6501fe-b73c-4f74-bd36-106ef7d790d0
52	0.09	0.9455	3b91df32-521d-4351-a45a-d4a45debbc81
621	0.18	0.7941	3bde2e3a-5c24-419f-9ead-86081c9788b2
164	0.09	0.4925	3bee65e6-5de2-4e7f-9384-5f94574f59c6
113	0.09	1	3cc251d9-5e0d-488b-bbf4-b2ecc6dab986
735	0.18	0.8158	3cca017b-f649-41b6-8984-9c90f931a281
331	0.09	0.7118	3cd814ac-f90e-4e5b-a5e0-35446cfa61f1
2620	0.09	0.7674	3d2619bf-9cb3-4c0e-8f2c-84e8a0586aac
256	0.09	0.9588	3dc2a7f6-8d3a-4228-a69c-ec795028fe2f
47	0.09	0.6528	3dfdc6aa-a518-40d7-9056-96adc031f793
149	0.09	0.4599	3e6ba6e2-88f4-48b5-b346-e8aed305f41d
1848	0.09	0.7589	3eaec825-e7a4-49b2-b6e5-f406595f8555
57	0.09	0.76	3ee7b61a-85f1-44c3-9301-fbb7df89550d
744	0.18	0.8158	3f428d43-aa63-4973-a747-e458d25575c4
388	0.09	0.3857	3f907a27-73e4-429b-9d36-7476f3b75c58
88	0.09	0.9778	3fc4714c-bbd1-4336-9b49-77bdb76910e3
87	0.09	0.5724	40094017-77a9-415d-8e8d-86dea723f617
44	0.09	0.9565	40510712-89bf-4cac-b794-22f9d29a4f0e
405	0.18	0.7206	406388bc-c55c-4566-a5b8-ffbfd3916d28
61	1	0.9531	40d2de00-0c6e-11dd-84d2-b8a03c50a862
133	0.09	0.7348	40ee275b-0b35-45b0-9764-6e606226d075
37	0.09	1	4122d469-dcf1-4dc3-a71e-d744c03faa4f
1440	0.09	0.8058	4145cd45-8a92-426d-be8b-bfbbf5209032
37	0.09	0.7872	41d66e74-20bb-4837-aa73-08a03aef9a70
3346	0.09	0.9048	41e8840e-57eb-40d4-a1ac-cfda408bc871
39	0.09	0.975	420fbdce-1d9c-470a-84da-24664f33e670
228	0.09	0.9231	426a7529-7b53-4dab-b1b9-c6038c8d74ad
2931	0.09	0.8994	43027054-3812-4599-b7bc-a01f1df5b071
507	0.18	0.7369	432a8936-9048-40f3-adf2-dd8b70456d57
344	0.09	0.4444	43408d27-f127-490c-a15f-477acd24714e
280	0.09	0.9459	43eb9aad-9db1-4691-b1e2-ec57bfbbea22
113	0.09	0.9912	442d5fde-1001-41bc-bc4d-3559266cd01a
711	0.09	0.8608	44c73c0b-662e-41e7-8eee-4754a8592a27
37	0.09	0.9737	44f91be3-bac6-4280-bb01-6888b0f94181
50	0.09	0.3968	44fcb36c-4999-4d81-906d-12435b59229e
76	0.09	0.7238	45043b88-1ebd-4d62-9fd9-61c808edc832
67	0.09	0.9178	461b4ba8-fd48-4ae1-ab85-107960b7a008
157	0.09	0.8533	462efe4a-103b-4a4a-b229-c18bec5c9431
66	0.09	0.9429	468580a0-57dc-4581-bb78-03407ce5ab55
668	0.18	0.8039	46c6c590-2115-4ddb-a20c-c6ad4295eb8d
34	0.09	0.3778	47346b5b-2d32-4e0e-afab-ec9a6544021f
78	0.18	0.5379	475e54bc-0168-4309-890a-1330f9ca1fc5
39	0.09	0.975	4769b578-3ec1-4f45-9090-ea9b2422e3db
211	1	0.8866	478e52db-0450-47f0-a763-ad3bcdaba6d9
87	0.09	0.5878	47c11f62-1b68-404a-8bba-2e85d3404906
356	0.18	0.7463	47f5955a-0543-4fd6-bf29-b359bed9ab54
31	0.09	0.7949	4809099f-17c1-4f0e-9831-f9a793a59b7c
702	0.08	0.9335	488416a3-50f1-43a0-a1ce-daf1cdbf84dd
88	0.09	0.5432	48939578-9f0f-4a2c-b9d5-e78252fd22ed
840	0.18	0.8375	48b7e704-9098-41ed-9f71-33a1b5267cc4
112	0.09	0.7887	492b7f54-a7b7-4231-b88e-049f1821c172
42	0.09	0.4242	4a0eadd4-ce7e-40e9-9b51-231ea9a22e56
74	0.18	0.5362	4a1bd1bd-52a0-45db-8830-958ac4df35a5
810	0.09	0.903	4d39e987-1e6a-4e78-ad5f-39a8c8846ebf
43	0.09	0.7818	4d9e1a03-26a9-44da-b207-92cba0881881
39	0.09	0.7647	4da1a6d5-48c0-42f8-af2c-01d0f5af8826
109	0.18	0.5046	4dce1bb0-9425-4e21-b6ec-27d62c63a025
140	0.09	0.473	4e0ae4ef-4f11-4cfe-9f3a-3c8a2465d205
218	0.09	0.5767	4e19e2b8-9934-4b5a-a51f-62df5a9802e7
797	0.18	0.8381	4e5b7609-ecdb-4963-9172-9065f63424f7
366	0.09	0.9657	4ebe5835-851f-43fd-beed-afade357bfc7
64	0.09	0.8205	4ef9544b-2b9c-49ae-9c82-195d2866ca01
103	0.09	0.4661	4f0a9cb0-0079-4b22-b1fe-359b7e71a36a
360	0.09	0.9474	4f19d152-735f-4286-9c6d-650404dbd18c
373	0.18	0.6907	4f1dc07c-b86a-4626-ab8a-dd9264dde7ae
599	0.18	0.7861	4f211020-9e97-4eed-b575-ce554fb109ad
855	0.18	0.8333	4f7dd3b2-5d9c-4189-8c5a-977b8726e052
852	0.18	0.8427	4f83f880-4fe1-48ce-84a5-32c30948e111
587	0.09	0.9143	4fbb2379-db6d-46bd-8f0b-4972cb76b188
1518	0.09	0.9063	50de8011-5291-4689-ae08-f35d2d2c17e2
587	0.18	0.8019	517d5eb7-0559-42e5-8b2f-7b4926decd2d
100	0.09	0.9615	518ace5e-0034-4201-8ff3-a482c16f174e
62	0.09	0.8267	51bf6f1f-3e6d-4d8f-bf75-9c05ce29b3f7
234	0.18	0.5612	51cf7c4a-9cfc-4338-9a03-8d49570ddbed
86	0.09	0.3644	528ad5f2-b6d4-4ea6-89a1-ddfafee4ec45
38	0.09	0.95	52e809ec-8487-4e88-8c8d-1c7c14cf11c2
112	0.18	0.4978	53287502-980d-41a8-b9f0-0f3a5bcb6555
520	0.18	0.7591	538c6ee9-eb5e-4420-abca-7f1ec1ed443a
757	0.18	0.8219	54ec89c0-ad08-4a9a-a907-1539e7e7e44b
3348	0.09	0.8907	54facf62-bf0c-43e7-9972-4fdc407fa6c5
634	0.18	0.8035	55a13551-f65c-4f5d-ad36-e0d6cc2cd059
865	0.18	0.7515	55bbcb99-8c43-4d68-add5-abc49d41b16f
39	0.09	0.907	5629f624-487c-4317-bf46-86030aec1468
59	0.09	0.4275	569c824c-ea6d-4314-a77d-0ff238bebd87
79	0.09	0.9875	5712a322-45df-4038-9421-043b802ee333
178	0.04	0.3266	5819973a-017f-475a-9e82-17cee91ccbf7
44	0.09	0.8462	5905769a-49d8-4d49-8fb5-375a4a270ba7
608	0.18	0.8053	592229f9-c3c2-4f2e-96d6-f45a628ee321
44	0.18	0.3188	595a92d2-6ab3-4168-a794-c9465ec4eee5
380	0.09	0.8501	59ffe691-64ad-4472-a46f-6b31ae34d412
237	0.09	0.772	5a058b59-dc30-4b4b-9677-0cea5cdd2704
84	0.09	0.8485	5a1b62b2-4a1f-4404-b481-87836564d4a5
571	0.18	0.7876	5a5e0a14-bb90-4e62-be79-9f5ed7e0b28c
845	0.09	0.9941	5aa17427-58c4-4221-bb6c-20ab297d6a02
84	0.09	0.9438	5b102996-823d-45a8-9fc4-451172e33856
53	0.09	0.6883	5c1f5ba2-91de-40d6-a761-760bf3abd53d
600	0.18	0.7905	5c85ff42-2109-4b81-87da-6d41ab68e369
221	0.09	0.884	5cb593bb-ba38-4f48-b67e-e3907df24b16
637	0.18	0.7913	5cd8ad2f-77f4-43bf-8a7c-3a629a66f457
49	0.09	0.6901	5cf98942-5cae-40a1-afbe-671d20ac358a
440	0.18	0.7432	5d05346f-d7f2-416c-8ee1-deb333cd9b19
31	0.1	0.31	5d06e33b-e884-4369-9a1a-fdc8bfa9471c
5535	0.09	0.9968	5d467c2a-b758-4005-bd0e-9f76fdb4effa
785	0.18	0.8351	5e48d5d1-24fe-4795-bca2-4a03d51e4454
79	0.09	0.8681	5e5ddab0-ffad-4dc1-b095-7d43c6b36bb6
709	0.18	0.8168	5e8f49af-b4c6-42fe-9483-f19207f03aea
90	0.09	0.8654	5e989c66-59f9-4dfa-9c76-d1502d2051d4
362	0.09	0.8744	607e692e-a6af-4721-acf0-61c91950b554
85	0.09	0.9043	60e0dbbd-b3cc-4164-a601-896e111b54d5
43	0.18	0.3258	613ffc66-7180-45db-9415-491abc575b6f
2118	0.1	0.6136	61a9ca38-b62f-11e2-afcb-00145eb45e9a
79	0.09	0.9294	62a52b1b-42ca-476f-84a0-56a6c0cd5a69
45	0.09	0.7895	62b41822-5bdd-4aae-92e5-e013cf3bc8f1
4703	0.09	0.9693	635e4476-f762-11e1-a439-00145eb45e9a
5346	0.09	0.98	635f7b02-f762-11e1-a439-00145eb45e9a
453	0.09	0.6064	6360a554-f762-11e1-a439-00145eb45e9a
196	0.09	0.4876	6361dbf4-f762-11e1-a439-00145eb45e9a
5264	0.09	0.9793	636308c6-f762-11e1-a439-00145eb45e9a
3579	0.09	0.9456	6364371e-f762-11e1-a439-00145eb45e9a
4935	0.09	0.9743	63656de6-f762-11e1-a439-00145eb45e9a
82	0.04	0.5616	63add3c5-6d15-42b2-9e67-f81979c6ef65
132	0.18	0.5815	63b40632-a404-4cfd-af3b-2644a8e77325
333	0.18	0.6755	63e83e52-8b85-498c-8fc7-681725b4afca
589	0.18	0.8135	63e931fa-27df-439a-81d7-c7d1cee50197
545	0.09	0.9545	6445e1ef-2579-407f-9d2c-803a3de4b3da
604	0.18	0.814	65007a3b-c5fe-42b9-a2c0-103b6409b6d0
34	0.09	1	656fa586-ec8a-4d27-aaa2-a54629c82296
65	0.09	0.6019	65a1dc68-3a0d-4813-a193-a0045cf1d4c9
392	0.18	0.6655	65d82ae1-ca60-46c1-acea-acec0f1837e8
88	0.09	0.5432	662a5899-42ba-4ca3-b075-c51d45516ba1
292	0.18	0.6986	663200ed-cfc7-43d5-82c5-9975e6645a0c
44	0.09	0.5946	6640c524-a08f-4a5e-85d3-40b30b7e2135
431	0.03	0.344	66551429-5e35-4848-94f5-b13bcad669a5
60	0.09	0.7407	673b73ba-6a6b-4d84-8b58-50d198bbc684
65	0.09	0.5242	6791fdf5-e9c4-430e-ac48-a5791462a969
102	0.09	0.9273	67c45ca3-0c6c-4da2-a1e8-621ef52bd559
189	0.09	0.4426	67e8af0c-3c38-4c9e-b3cf-e9c5316a8d23
70	0.09	0.9459	67f85ce5-4cfb-45ac-b05f-cac763d0b838
55	0.09	0.8088	67f9f4bd-acfe-49c9-9fb6-124fbb8ec3ee
247	0.09	0.9216	681481f5-6ea7-4095-a015-f4a5be54765c
190	0.09	0.795	68267365-e262-4a39-bf42-64d0eec1ac2b
713	0.18	0.8177	68340cac-348a-4ac9-9d15-6e34139f7df9
408	0.09	0.8144	6867ae37-74b8-43e7-805d-5dac0a6d447e
138	0.09	0.6798	68724de6-4ce3-405e-b76f-f5814712cfb9
608	0.18	0.7937	6897a0a6-e7c7-41ad-b6d2-61b19a2d6b3e
42	0.09	0.56	68ad7ec2-0f89-4d32-9ad2-650c88899eb8
1902	0.09	0.9794	68b9250c-742a-4d20-a388-e385b802bad8
1926	0.09	0.8996	68fa8801-0b3e-400e-afa6-5ad08e0f1e4c
49	0.09	0.7778	6978dbb1-a726-4ad9-b064-1e1cad3bc889
573	0.09	0.9778	6995b180-5755-499d-bf3e-1c8d83b42ac3
475	0.05	0.7027	6a122346-08b9-11e3-ab1f-00145eb45e9a
82	0.09	0.8454	6a36ed65-630e-481f-864e-e06db1f8620b
34	0.09	0.7234	6a981484-3fb0-4202-b3ac-095f07411be7
87	0.09	0.6641	6aa62933-35d4-4e74-af93-0fbc49655547
749	0.18	0.8159	6ab6196f-f71c-44de-b49b-ec16b95ac335
569	0.18	0.8003	6ae0c37e-0ce6-4566-b904-770d22707ec4
147	0.09	0.9932	6bbd9c2d-bde0-4f31-8aa2-287192c5c11b
42	0.09	1	6be61052-e67e-4143-8c1a-5683d4d5da4e
151	0.18	0.5785	6cc34c05-4d27-4653-8989-1dcd48fa1fb2
646	0.18	0.7907	6db59d35-e3d0-4dcd-9526-3fa59c559f5f
109	0.18	0.5142	6e0c591b-8be6-4946-9e56-090037a1d9d0
1759	0.09	0.8336	6e3b0205-06fb-4005-a90c-91b7c70238d1
57	0.09	0.9344	6e6b3b6a-3452-491f-9d91-9ab571dfa03f
108	0.04	0.3158	6ee7a8b4-5e12-4c09-8fb4-106f2bd06965
1035	0.09	0.7372	6f0b28dc-60cf-4378-b0c4-c6c6979ffcbc
46	0.09	0.6866	6f0b2ce0-d93c-4e9b-a4ad-8f623d60bc14
90	0.09	0.9783	6fb5f9aa-7688-4feb-a735-6353c93c53cf
117	0.18	0.5247	6fe1ab34-e550-45ed-af39-78489af04ce8
39	0.09	0.9512	71439dd4-6ed5-4450-8b62-d2704b4c9606
653	0.18	0.7954	716dc285-7127-471f-9718-cfb75e70c114
844	0.18	0.8465	718cce1a-5345-468e-bf5d-8bb1ea314c22
620	0.04	0.9952	71cfd412-6327-4ec7-8035-d8b2d0509ac5
2924	0.09	0.8805	724ec4af-c9a3-490b-b718-a1b202437c0f
39	0.18	0.3023	7253ec2e-dc84-4e74-8c09-15584d175d6a
33	0.09	0.8049	728aae95-c347-4a16-b7fa-e865f035a6d7
102	0.09	1	72b6bac4-3a93-491b-a931-cbd07bff5b39
113	0.09	0.6457	7395bdf3-79d7-4ab1-b2a8-f02a18d344b8
80	0.18	0.5031	7435177e-6a89-4b2b-b436-9bcf0d64d4ea
37	0.09	0.7708	744aee18-3049-495f-b6d1-b2e672b361e0
66	0.09	0.4925	745f4f4d-cefb-48eb-ad26-7146181aa70e
125	0.09	0.9843	74c1446c-cbe7-485a-9a71-b39ccf4fd9a5
339	0.09	0.5098	7529822d-40eb-49f6-8137-65cb2f61701f
122	0.09	0.8299	7536c922-e591-4bab-ae06-cb7753b170b0
31	0.09	0.8378	756dd557-2127-4a52-af58-482b543d508a
1068	0.09	0.5953	758afb5f-11c9-44f8-8bff-294169123910
5211	0.09	0.9922	75956ee6-1a2b-4fa3-b3e8-ccda64ce6c2d
233	0.09	0.4017	769539e1-b8d3-4e85-8d15-ff2e579364d5
39	0.09	0.5	76d73b5d-98be-465f-bd78-3ed0909c8fbf
338	0.09	0.9912	7715f20e-bafd-47eb-a4e0-86dce0e8d567
584	0.18	0.8	771d6bb0-0b97-4aee-9d76-48cc83f6360c
252	0.09	0.9197	77a24e14-534b-4864-bb95-ae0966ce89ce
800	0.05	0.8484	77ecd330-b09e-11e2-a01d-00145eb45e9a
59	0.18	0.3665	7811434c-31db-48e2-a796-9af1317746a5
629	0.04	0.9968	7888f666-f59e-4534-8478-3a10a3bfee45
651	0.09	0.6582	78c6423b-29e0-4bbb-a854-64f82b951f9e
319	0.09	0.9846	78fbe592-7ce6-4778-b5d6-572687de652a
595	0.18	0.7891	7910b47b-3529-4529-a145-fd6c1cecb0fc
696	0.18	0.814	79162a8c-a2a3-4c4a-8498-d499bd705ac5
31	0.09	0.4844	793d37c9-1c68-466f-bc8c-1bfe28aed527
145	0.09	0.9864	797a494b-96d1-4468-b3f2-f951d4deddcd
61	0.09	0.8026	79b2d54f-b49a-4e38-80b2-85a41d16af53
766	0.18	0.8344	79f4fa93-c0b7-41f8-80bf-51de540041d6
45	0.09	0.9	7a761036-ea6d-4d37-ac9a-79daa54d6ca2
47	0.09	0.7966	7a8a2ad3-f09f-44b7-b6e6-c8df70030527
653	0.09	0.8626	7aa24e43-257b-44b6-ab4d-695372f2e3f3
322	0.08	0.9499	7afb26e9-aad6-47cb-a5bf-de49dc7597a4
52	1.41	0.8667	7b0153e8-f762-11e1-a439-00145eb45e9a
112	0.18	0.5234	7b14013a-9a70-44e0-83d3-2550d6739ab0
609	0.18	0.7858	7b362233-296a-4af4-9509-adb466e99bd1
40	0.09	0.9091	7b387efa-8ad9-4520-afd9-16af70f6a416
374	0.09	0.9714	7b573d12-767c-4d2c-a434-651c4e7764e8
81	0.09	0.6231	7b5bc5ba-4972-4876-b35a-3f9aac590fe5
800	0.09	0.5848	7b8f1304-f762-11e1-a439-00145eb45e9a
354	0.18	0.6705	7bc1af58-b271-410a-b377-65ed1a773a34
31	0.08	0.9688	7be12d06-f762-11e1-a439-00145eb45e9a
85	0.09	0.9884	7c2b4560-397c-4ad9-b245-3064b999450a
879	0.09	0.6151	7c411d81-3534-4cc3-8444-885e82ccdfa3
36	0.09	0.5714	7c7756f3-6a25-45e8-a0a6-425ee43ea7ad
56	1	0.5385	7cc37a0e-c51a-49dd-906e-a91cc5b64f31
1199	1	0.6617	7d8ed137-1d30-42f1-8b78-12a4957e4690
385	0.09	0.9796	7e6df30d-d8af-438d-bb01-5a528f6f4fa3
41	0.09	0.8542	7e84425e-bc3f-408b-b16e-5bf1e28ea8ef
831	0.18	0.8402	7ebc26a4-effc-4332-82e9-bf035c0a06f1
355	0.09	0.9972	7ebc64d0-7f25-4e68-a449-b1bb45aeb1ea
849	0.18	0.8373	7f30bb49-f823-41af-9d01-1839a871bfa8
617	0.09	0.9747	7f513bfc-f762-11e1-a439-00145eb45e9a
34	0.09	0.7556	7f5ed718-d5f9-448f-8261-db9e2c82e729
290	0.18	0.6954	7f6907d2-dac6-449c-be50-2493cb6ee15d
716	0.18	0.8249	7fc2cc5f-91a9-4182-977e-8d5d542070bf
935	0.09	0.9884	7fe3eb5c-42bd-49d7-a30b-82c353ef6575
59	0.09	0.9365	8054fe88-04bb-4c03-b8aa-fbbd99b05a4a
67	0.09	0.7976	80ec681f-e53c-4b7e-9e9c-3f50a0f3e269
497	0.04	0.965	8124cd73-ac84-43d2-ab39-1d80dc346525
70	0.5	1	815fd610-f762-11e1-a439-00145eb45e9a
81	0.03	0.3176	816f3aa0-d44b-4785-b920-457693d8451d
614	0.18	0.7852	81b2954b-f232-46e8-af07-de7fc6e06bf7
41	0.5	0.9111	81c024c0-f762-11e1-a439-00145eb45e9a
46	0.25	0.6053	81c16344-f762-11e1-a439-00145eb45e9a
46	0.25	0.6053	81c2b870-f762-11e1-a439-00145eb45e9a
1088	0.09	0.7971	82091a91-03bb-4af0-8fc3-e141ad1a6efc
282	0.09	0.5618	82239c10-7292-414d-8ce9-37e2b6f96a01
167	0.5	1	8226d882-f762-11e1-a439-00145eb45e9a
58	0.09	0.4056	8226fe1c-2f7e-49f7-835c-ec01fc7e988b
52	0.09	0.8387	8241988a-ed52-4933-a007-44019a763134
3162	0.09	0.887	8256af7b-37fc-4fe7-99bc-d4454c379374
247	0.05	0.3484	82746a3e-f762-11e1-a439-00145eb45e9a
2594	0.1	0.6868	82a421d4-f762-11e1-a439-00145eb45e9a
336	0.09	0.9231	82ab0954-f762-11e1-a439-00145eb45e9a
553	0.09	0.9805	82ad4e4e-f762-11e1-a439-00145eb45e9a
452	0.09	0.972	82ae8174-f762-11e1-a439-00145eb45e9a
484	0.09	0.9738	82afb86e-f762-11e1-a439-00145eb45e9a
3064	0.09	0.8397	82d43810-f762-11e1-a439-00145eb45e9a
3490	0.09	0.8809	82d54d68-f762-11e1-a439-00145eb45e9a
455	1	1	82e33d42-f762-11e1-a439-00145eb45e9a
641	0.18	0.7993	83306167-fce2-4b6d-97a6-93c3ad83fb38
44	1	0.6567	83459d16-f762-11e1-a439-00145eb45e9a
36	1	0.3429	8347f6ba-f762-11e1-a439-00145eb45e9a
53	1	0.3732	83492a58-f762-11e1-a439-00145eb45e9a
85	0.09	0.7328	8498dd6f-9fe8-4651-b017-0d012dd09bcc
452	0.1	0.3199	84c91672-f762-11e1-a439-00145eb45e9a
84	1	0.6885	84cdd6d0-f762-11e1-a439-00145eb45e9a
112	0.1	0.4409	84df82e3-99a3-4150-aea2-e2d2e159c749
40	0.09	0.9756	854d0c5a-0298-4a1b-9fff-adf953f3ce5e
104	1	0.6753	85771146-f762-11e1-a439-00145eb45e9a
2645	0.03	0.3904	857aa892-f762-11e1-a439-00145eb45e9a
235	0.09	0.8736	858528da-f762-11e1-a439-00145eb45e9a
367	0.09	0.9735	85877766-f762-11e1-a439-00145eb45e9a
70	0.09	0.9859	85a97a5f-751a-49ca-ad7d-238a80c0d30c
2550	0.05	0.9996	85ab1bf8-f762-11e1-a439-00145eb45e9a
933	0.04	0.8655	863c1269-5f38-4862-a161-ea3a50654d4f
1818	0.05	0.8661	8642bfd0-f762-11e1-a439-00145eb45e9a
151	0.07	0.6371	867c8490-f762-11e1-a439-00145eb45e9a
149	0.09	0.4822	869b574f-23eb-4575-a771-6ffd480dcdab
190	0.09	0.4121	86ba1954-f762-11e1-a439-00145eb45e9a
852	0.18	0.8386	87105de6-a81b-4180-be5b-7d833d979398
449	0.18	0.6994	872cebd6-b8ac-4125-b63e-d754f149b042
49	0.25	0.4188	8795ab31-79ae-4a9c-b285-0b76e5c09b9e
611	0.09	0.9714	87b6acb8-4db2-4769-93ca-e086040dfe14
40	0.09	0.8333	8821e36f-2d25-44c8-a95e-fb978f38ecde
748	0.1	0.8229	882d105b-fa99-4c3b-a736-b43674ce91f3
614	0.18	0.7812	88b6877b-bf98-4c23-8094-dca66a0130d4
856	0.18	0.8433	88b970e7-f7e3-42c0-84ad-fdc02797679d
149	0.1	0.7563	88dadc8c-f762-11e1-a439-00145eb45e9a
849	0.18	0.8414	88e58275-27c8-4e52-9cf4-81b10168f2a6
74	0.25	0.3058	891bd4ee-f762-11e1-a439-00145eb45e9a
136	0.1	0.8608	89579e3e-f762-11e1-a439-00145eb45e9a
207	0.09	0.8809	8958b49a-f762-11e1-a439-00145eb45e9a
453	0.05	0.9438	8959f58a-f762-11e1-a439-00145eb45e9a
648	0.18	0.798	8965976d-fb8c-4090-a7b5-7fc4aaf5228e
52	0.09	0.9286	89fc269f-ace2-455b-8d3e-7bcb5cbc8d26
95	0.09	0.6419	8a0b1f23-f912-4b35-828b-83d3a7aa28bb
623	0.18	0.7886	8a113630-dcf5-4bf5-a165-1e6aa74a5224
777	0.18	0.8292	8a119149-9d9e-4f89-9955-e3af3c4ace30
3010	0.05	0.9424	8a863029-f435-446a-821e-275f4f641165
862	0.18	0.8402	8add8b19-782a-4029-b2d9-1806cd9d9aa1
649	0.18	0.7745	8b467987-27a5-4a44-b01f-5f1192dbf70f
246	0.03	0.3756	8bb7a55d-2f61-46fc-b419-20156e161cfe
35	0.09	0.4375	8bcb10e8-12f6-4fd7-8884-90690ea1b9a0
33	0.1	0.5077	8c602115-50f4-4a79-8b07-46c9545c0837
53	0.09	0.5408	8ca574fd-94dd-4673-9895-3560534784fe
31	0.09	0.9394	8cf293b8-72cc-4a1a-8efb-1e916291cd18
233	0.09	0.9957	8d53b914-0bd6-4b6d-a3e0-05e4407e7331
120	0.09	0.7407	8e688eba-83ce-4501-9a02-a5261730be95
4073	0.09	0.9192	8e9c7b26-44c5-4d7b-ad70-eee51cb5d1dd
358	0.18	0.6819	8e9d17b5-b45f-4f54-ae3e-2f1c1ef9615a
2193	0.05	0.9977	8ea4250e-0ff0-44f8-812e-bffc3b9ba2a4
113	0.18	0.5256	900b64ec-24fe-4262-b1be-3432665d6e48
773	0.18	0.8339	902941c5-ca49-4736-b28a-4627b8ca5497
36	0.09	0.8	906b2d3f-dbd7-4c5c-acfc-c572c35c2b5a
14843	0.08	0.9979	906e6978-e292-4a8b-9c39-adf6bb0f3323
91	1	1	9070a460-0c6e-11dd-84d2-b8a03c50a862
601	0.18	0.7866	90eb9168-3742-4769-8e0f-749e0df5bcf2
301	0.18	0.7253	9115957a-204b-4196-9944-d8c2994f7ec1
487	0.22	0.6802	91fa1a0d-a208-40aa-8a6e-f2c0beb9b253
686	0.18	0.8225	92003106-25e2-407f-be8d-dd7f412aceca
87	0.1	0.6127	921ae6e9-d890-4826-b6ff-aef43cdcb409
75	0.09	0.6303	921deb0b-1af5-412a-bde2-1a67d35f46b1
5166	0.09	0.987	92204c07-5011-47ac-82b7-4050858a9cd0
42	0.09	0.7925	9243e1f0-19a4-4fe6-99fc-5f7da7eb95d9
689	0.18	0.8021	92be5730-6b1c-464d-b29b-8845a5b06538
55	0.09	0.4331	92c07a5b-5223-4175-ae1a-77b26bb1ba0a
605	0.18	0.8121	930886b0-dac6-4721-b54e-45cd1b19072a
591	0.18	0.8118	9308a3a3-3c37-4e1a-9b2e-e39ec100cf17
123	0.09	0.7688	932829c3-7c7b-4910-a56c-2ec4a1db8045
2211	0.09	0.9809	93554762-c2cf-4ee4-a475-7d1d4dc01372
5478	0.09	0.9956	93773ae8-f7c4-44b3-8793-761bb0561050
42	0.09	0.4158	93b2bc80-a0ef-4619-b51c-074506700050
1007	0.09	0.9931	93f5be1b-c517-4a76-8cbe-6e81a5dd4f85
760	0.18	0.8207	9435de2c-5e84-4d1f-acfc-3a302453509c
826	0.18	0.842	94e56037-058c-4ffc-a7db-5b11d2fcaa73
614	0.04	0.9935	958b1d2f-2d11-4e94-a828-c8e2d2c013ca
55	0.1	0.3459	95e5bfce-0e65-4f60-aecf-e78b9a830449
55	0.09	0.4331	95fce101-ceec-4320-bde8-a43b697e1bb5
355	0.18	0.7442	9609b469-4e5f-44c8-9baa-c2139a952ede
62	0.09	0.9841	9630efe2-42a8-42c4-a83a-65aa5aa7ade2
74	0.09	0.961	9671cd3e-9b07-4fb7-a811-918dd02a7b2b
125	0.18	0.5297	96bcb08a-e06a-4a67-b278-738651928bb9
198	0.09	0.4573	9702638f-378a-4a61-afe1-ce521dc9b660
42	0.09	0.4	9709750f-2534-4a6d-834e-8aa317bf660e
50	0.18	0.303	97ca9cb9-7940-444a-a54f-da5569d6197a
260	0.18	0.595	97e82219-6ccd-4a27-891e-4b25de404fa5
723	0.18	0.8291	9894e987-6f00-495e-b512-1a5198fe9be5
3759	0.09	0.9947	998ff7b4-0e07-40d0-ba1f-c5f249dbcd51
130	0.25	0.9091	999d8fed-d06d-48d8-87ee-cc36e6c8456c
625	0.18	0.8065	99a01b10-0d4e-491b-96f1-fe34911c714b
44	0.03	0.4272	99bcf021-ed3e-411e-8cb3-a8c145e3a2d2
154	0.09	0.5083	99c224fc-4717-418a-80fd-27ddac976e68
1198	0.09	0.67	99ce2b9e-816a-47a7-ad68-b2915763a576
103	0.09	0.981	9a829fb0-427c-4699-812d-9cff5ba8b607
31	0.09	0.7949	9ae2d15c-6735-4069-b255-d737d919bcd6
347	0.09	0.8632	9b72b0f3-f1aa-4eb9-80e0-dac19e8f923b
52	0.18	0.321	9b9deb68-e4e2-40d1-9898-0a1db8e4e47f
34	0.09	1	9d0377f3-3a56-430c-9e81-e9e2e93be009
123	0.09	0.6721	9d076bc7-b1d9-45af-ac6a-65a8f29eaf01
41	0.09	0.8542	9d1a3db7-b8a8-4936-9159-4548a7d9e535
85	0.09	0.8763	9ddfbe78-e30c-43b8-85a8-6952d88c8009
788	0.18	0.8356	9e611889-d71d-4931-9e68-7b2a5acbba77
57	0.09	0.4711	9f6914e6-ec6f-405d-80aa-8ec8fb98ed32
103	0.18	0.5124	9f99cb9b-236c-49e3-a7a1-6bc23bc4e951
687	0.09	0.6263	9fbdf377-6d9d-4f71-848b-9a054660cd50
1206	0.09	0.7296	9fc816de-28c7-4484-940a-902af780a96f
303	0.18	0.7163	a0ad2b0f-fe94-40f1-bb1f-7fde24262c9d
61	0.09	0.442	a105f3c1-aea1-41db-9c85-67374df25325
393	0.09	0.5282	a1077e55-120b-4c31-9a6b-ca7c210f5b04
80	0.09	0.5674	a1b96bad-8ef6-4fcb-9653-fb74535a97e4
140	0.18	0.5578	a1bec4a7-7204-46e0-9425-c48e3805a4a5
702	0.05	0.3744	a1d63dd1-5456-450c-afc8-25a62ffec50e
321	0.09	0.9698	a22a33ca-9f57-49ce-879b-c547a524a733
56	0.09	0.5333	a2cb4ce8-0987-48f0-be38-40891ab55b0b
855	0.18	0.8457	a2e707d2-bbbe-4a06-8e02-732d0b070694
96	0.09	0.3609	a2f64499-520f-49bd-bc5e-225657a505a0
33	0.09	0.8684	a3e74d8a-5944-46cb-9ea0-e0fdc37631fe
354	0.09	0.9779	a4b7c71e-fc73-434e-a008-d63c222179d0
158	0.09	1	a542665f-1b92-406e-8d92-072fcba576b2
2477	0.09	0.9841	a58c0643-bb1c-4778-b55f-fcb83f2d5b06
1787	0.09	0.7537	a5f073d3-2a88-4fe0-bdcb-e332397b4b6a
5541	0.09	0.9971	a71c4bb7-139e-4603-aa37-46c5dbcdf17e
244	0.05	0.6193	a720d91c-36d6-45a2-a163-e7145ebb30dd
662	0.18	0.7957	a740652c-0dc3-475a-9034-3f4358831e59
171	0.09	0.8507	a774b52b-4fac-4798-9db1-d49e0140220c
62	0.07	0.7294	a7793424-dc57-4d4d-ad91-9890b76ebc15
144	0.18	0.5625	a7b683a4-5a5f-4549-9a5b-51ac2d2642b3
1244	0.5	0.9889	a81bea66-5d00-4fc7-a8d8-4c873d916f06
189	0.09	0.8791	a81d01b9-1322-4487-b9e1-f0322941ba0e
776	0.18	0.8335	a82600eb-c2d2-40d9-91cf-ed40220f24a6
31	0.09	0.8158	a9010eb7-062a-4999-a566-d0b91714ba09
605	0.18	0.8035	a90b442c-f236-4e40-aa85-ba95e9d401fa
129	0.18	0.5375	a9b64b9a-0d98-41d3-8167-3c4f2538920d
44	0.09	1	a9c40665-83db-49fa-b075-72256f55eb35
54	0.18	0.4696	a9ec0e74-5c51-46e0-b424-8ad383112d56
4950	0.09	0.9655	a9f7dd79-e368-46be-a774-a9eabf2d191a
94	0.18	0.5434	aa0d5449-d25e-451b-95eb-a5d7d112135c
103	0.09	0.5508	aa19a6f1-a287-4856-91b3-7d7e0bd3b33a
48	0.09	0.6234	aa275853-0ae3-49a1-a045-a7e5798fc642
635	0.18	0.8028	aa5ed849-ce8b-4326-a220-f5a2b8aa0edf
81	0.09	0.8617	aa8fe1e4-10ec-4fb1-a520-c062b91cb788
58	0.09	0.4603	aabe45aa-8827-4450-b5ca-db92acb7d420
69	0.18	0.5188	ab05f907-69ba-4506-a530-54979863662b
393	0.09	0.9704	ab3272e4-2b89-487f-8619-e59adf5733cd
4833	0.09	0.9781	ab47c4a9-4b6a-4d59-b846-899d9420f7d3
177	0.09	0.3365	ab959114-4edf-40e4-a9d9-4b894235d7bc
204	0.09	0.5271	abe19638-cfb5-45e6-ba70-bf045f2b143c
1014	0.09	0.9951	ac1a6843-ac40-4073-bfb1-8ffaa4b73b66
43	0.13	0.3468	acc39f75-be19-48e7-898b-ede53573982a
692	0.18	0.8075	ad0579fd-d32b-4e3b-a13f-787051f19bfe
1064	0.05	0.7801	ad0d1a24-e952-11e2-961f-00145eb45e9a
173	0.09	0.7864	ad78fc16-aa0d-4e4c-b002-25235cf97c41
155	0.09	0.9873	ad9a46cf-9da5-4efb-ad53-f6e2ff7e1e7a
223	0.18	0.5947	add14f0a-c6f5-45db-b958-64350c98c15a
46	0.09	0.9583	ae0fcc70-dcee-4e26-9a35-eebe0c612d2b
42	0.03	0.3256	ae89759c-c8f0-436f-bcc9-ef67874e2e30
621	0.18	0.8193	aea0759f-ce10-4ac5-bd6f-f3411b0a1806
68	0.09	0.3864	aea6d6c7-9d6a-43b0-9d55-0d03cbe991ce
52	0.09	0.963	aed76db5-bf6c-40f1-a5b3-542040a83185
5325	0.09	0.987	af0c7238-b6c5-4a4d-9fa7-7fb94516d0bc
156	0.09	1	af0dade1-e3c0-4682-8ca5-de368cfeff1d
62	0.09	0.7561	af882075-32a6-4ad2-83d5-6d44542b68e7
43	0.09	0.6418	b03cfa51-03a0-4208-94a7-6d03fd9d9a04
219	0.1	0.8975	b05dd467-aaf8-4c67-843c-27f049057b78
2936	0.09	0.8725	b0dd9739-9cfa-4ee4-8e17-358c9e6a46f8
644	0.18	0.798	b0f9b3db-b408-4a2c-baae-dc2da08ea846
601	0.18	0.8089	b151809f-3b6a-418d-b9a9-1c203328082f
64	0.09	0.9412	b16171e4-fe77-4657-beb9-aa9a55a8b1a0
698	0.18	0.8051	b190b00b-a8ed-4c35-98b7-5bb86f6dc469
745	0.18	0.8187	b2bad50f-ae0c-4056-9ca6-18e242ca36d9
2885	0.09	0.9358	b3604297-f438-4b5c-b654-7976a909f24e
32	0.09	0.7805	b47517a3-a795-47b0-bb8e-8ca69bf87540
63	0.09	0.4632	b47d7d74-dabb-42f0-a7b8-31501d153621
580	0.18	0.8078	b494912f-a180-4e65-9840-141681d67a6e
349	0.09	0.9887	b497a612-8a1c-497e-b72d-ce6efc406912
133	0.09	0.6303	b4ce6585-15df-4f64-8253-a428fd7f99b5
916	0.05	0.8157	b528799a-2d52-4023-aa02-9ce081e3ca5f
839	0.18	0.8315	b5387b45-17c5-4996-8833-fd17d0dd5e09
108	0.18	0.4426	b53ca890-892b-4413-8031-9c8ffc7533d7
614	0.18	0.8231	b540b821-bde3-4853-ad49-1646caaec0a4
34	0.09	0.7907	b5cfc7f3-bb6a-40a5-98e3-8ce11753331e
326	0.18	0.7409	b65a54f9-c256-481f-b4a8-b7673291150c
57	0.09	0.95	b660c51c-17cc-44e7-973a-bec13da75166
52	0.09	0.8966	b6776c43-0f49-4018-8a96-22b28a3dd907
139	0.18	0.5451	b6947f5b-380f-41c2-9cc8-52e5ca544865
847	0.18	0.8453	b6e40b0d-69c0-4cb0-aabc-0a74fe2a06cf
56	0.09	0.918	b745c9fa-b58a-40f9-a335-df82adca3655
81	0.09	0.609	b7794db8-a1e3-4b45-8908-653ac72c3b9f
156	0.09	1	b7b59a50-edad-4c28-9951-c64e50537af3
705	0.18	0.8131	b7e2eb43-48dc-4e34-acf1-2f5b0f875d16
151	0.09	0.9934	b83e514a-48fa-4ec2-a516-29e48bb9488c
51	0.18	0.3469	b8cccb73-b040-4ad6-bf3f-f6190a89d45b
784	0.18	0.834	b912b7d5-161c-4fed-8aad-6282bfc4e874
815	0.18	0.8411	b95dcbbf-a817-4c26-a21b-89208a56fd03
38	0.09	1	b965f043-6468-481e-9191-dd29c1272158
70	0.09	0.8861	b98eeda7-aea1-469b-9044-9bd6f251e6e3
4616	0.09	0.9679	b9e8d4f9-7ca5-4990-9e89-c4582cd73572
233	0.18	0.6582	ba202542-f460-4221-972b-03ab2a6d4c41
59	0.09	0.9672	ba84601e-4470-4de5-ae07-02431ac322ab
71	0.09	0.7634	bacf5035-b9e9-43c7-930f-8e985dc3415b
608	0.18	0.8172	bb61b739-cf31-480e-bf77-4b57f1c20ee6
52	0.09	0.7429	bbee118c-a50e-4f7f-bca1-d5bfefc5360b
1439	0.09	0.9523	bc63a7ec-2b59-46f9-b549-9d77b7d4a70b
49	0.09	0.6125	bcadbe1a-e837-4134-a321-80c3744fc763
83	0.09	0.9765	bd23b14d-20a2-4cfe-b55a-8e7553516784
616	0.18	0.8	bd37eb97-5d23-4ab7-8a8f-b94774c33db4
201	0.09	0.9757	bd8ee748-4ae8-4956-98d9-c1b8e8b2b9c9
157	0.1	0.4701	bda5b6f2-a910-48c7-8dce-6aa24ae96470
159	0.18	0.5955	bda88a87-1975-4872-8333-7a83b653a643
825	0.18	0.8427	bdca0694-e24f-413d-b2d7-eff8dcc72a6f
38	0.09	0.5429	bdfcaacc-c50a-4d6b-a87f-912460721816
104	0.09	0.3939	be5fd087-a839-4a1e-9fdf-811119db26da
142	0.18	0.5483	be962b8e-dcd8-465f-8bec-b29822e1f167
785	0.18	0.8272	bf0bcb45-22c8-4382-9521-ca7b33e5eb47
68	1	0.8	bf0dd71d-364c-4f16-8612-2661f07f40a2
716	0.18	0.81	bf45efa7-ebc7-49f9-ae8c-80266c031bdf
386	0.09	0.6784	bfb47005-1157-41af-a0f5-12ed643e81f5
961	0.04	0.9959	bfc6fe18-77c7-4ede-a555-9207d60d1d86
297	0.18	0.6781	bfcbfb83-db04-4a9b-9c51-4aecf60161aa
522	0.08	0.6541	bfe82ca9-01ec-4eff-be5d-b7ea15faf59c
56	0.09	0.918	bff23119-69aa-4127-9710-08cccd0d6fa3
199	0.03	0.4326	c0077f76-b76a-437e-a030-e6eddad55157
113	0.18	0.5256	c0273881-4e07-4301-bf2d-e2236d1a71a7
4953	0.09	0.9804	c0dd99c3-fa06-499c-949e-aa44d42f2f16
133	0.09	0.7074	c186e534-5281-4d9e-a389-f0415aa70331
46	0.09	0.9787	c1df184e-1340-4ab1-a045-b6e4752f7fa2
54	0.09	0.3313	c2c48578-dc0c-4125-a6da-1f18f42caf9d
587	0.18	0.7922	c2f0a2a1-1584-4efc-9e8e-b8ad10c6edd3
33	0.09	0.3267	c3020bec-8659-4ecb-b5ad-75445118aec7
806	0.03	0.4002	c35d6000-c7b8-11de-b279-9fe72ba677dc
41	0.09	0.8913	c39d6686-e19e-4132-a6c2-d0508949c1f4
252	0.05	0.7478	c3b0e0ff-def0-40dd-b72d-cbe5e79c1213
712	0.18	0.826	c423d888-a05a-4f39-bf31-c3124d324d26
87	0.09	0.6692	c4e54359-1ee7-4fe4-a768-e17da314784e
356	0.09	0.4715	c4e76595-b467-4f88-8067-b8de661b99c5
531	0.09	0.9888	c50e8f9e-a554-4e94-a015-bc1e8556a56e
491	0.09	0.9282	c5aa1143-4b20-450e-8f4c-c5940d8e2f81
36	0.09	0.75	c5dae770-82b9-449c-8b74-cee67381fa59
370	0.09	0.5522	c5e2c6ea-f4dd-43ee-aabf-8cf909fc72c0
598	0.18	0.7952	c606f407-2e16-4a75-ab4b-070ce3a69c57
67	0.09	0.8933	c621bdda-1e6b-4c61-ba7f-9c5848755b4e
55	0.09	0.9821	c630029e-0e66-4b9a-ab78-7a63fa1d7779
55	0.09	0.4701	c6a51631-8db6-453a-ba79-0d89d0376efd
898	0.1	0.9912	c6bbb6ef-ad16-4f3c-99e2-f693760173e0
59	0.09	0.3189	c709bf36-4964-4771-90f0-c6ba4b351620
40	0.36	0.303	c76152e9-7365-4f59-8cb7-9a1f9a0130ec
3707	0.45	0.9454	c779b049-28f3-4daf-bbf4-0a40830819b6
716	0.25	0.4745	c90a0778-e222-406f-bcd7-ed96a2bc5f4c
707	0.18	0.8192	c967b599-fb9d-4fc9-bce2-ac927e0abbea
91	0.09	1	c967b7f3-1724-45cc-9488-129b24087e0c
241	0.09	0.9918	ca435754-9190-4a87-9b2c-c21563898294
139	0.04	0.3271	cb0eb5bf-4759-4aa1-92b5-4143b0a64e15
552	0.18	0.7624	cb114e1e-f9aa-4f0a-816d-3af7ca63bb7d
1589	0.04	0.9882	cb429b64-d789-47bb-a7d8-379657c5e407
211	0.03	0.3135	cb456c69-d46f-47a2-a2c7-4da57c79f206
1116	0.09	0.9991	cb850587-95f8-4ab1-83e4-a20267b3aea8
103	0.09	0.8655	cbe7e37b-3905-4479-9c89-de4eb6ece0bf
1712	0.09	0.3547	cc885e78-0fae-49a3-9c6d-93ac90debd68
51	0.18	0.4146	ccb12adc-94b3-4f6e-92d1-5cf7d3b99dbb
318	0.18	0.7294	ccc46358-1aaf-434a-a5ad-af8ee55f9259
39	0.09	0.7222	cd53c947-f81a-485e-92fa-cbc4aa123160
586	0.18	0.8005	cd74cd6e-0378-4c90-baa9-9e1091eee686
357	0.09	0.9781	ce861efd-402f-4c10-a9fb-30ad0426bd15
56	0.09	0.4706	ced03f6f-f726-4f1a-9025-0b135bcb9eac
551	0.18	0.7849	cef7d8d6-5166-4f94-b7f0-9d54c888eaab
70	0.09	0.4895	cfd3d799-f92e-4549-8fa1-6f4265a0ad78
105	0.09	0.533	cfdc8562-e40a-46a4-85ea-cdb4ab5b8541
767	0.18	0.8346	d02072fa-b7ea-4e04-bec6-d3b225a73083
80	0.09	0.6612	d087d5b8-0d37-4937-afe3-dc44692a09a6
51	0.09	0.7391	d0df5fa2-b9c0-4f98-9900-5ac4ced3eea9
318	0.09	0.9755	d0e4fd1c-171e-4e75-a539-324bfbd82ec0
189	0.09	0.9594	d0e6b375-b65e-4b31-95c9-7e8ebba462dd
50	0.18	0.431	d1a885f1-2e9d-4722-a3bf-6fafc4e7a070
720	0.18	0.8257	d1ba242f-41dd-4395-b658-7e899a795290
38	0.09	0.9048	d23e32b4-5d32-4947-b2e4-734342cb24a3
443	0.09	0.9933	d27aa0d9-dd46-4fa4-b6c8-c7283c67dd1d
460	0.09	0.9583	d3130e9c-8587-4545-baea-6e72876bb50c
347	0.18	0.6764	d369c0de-0e0d-48c0-8c96-d4374b7c6e8b
68	0.09	0.8395	d38d6841-de2a-4a16-b39e-495402d8592b
711	0.05	0.7882	d3d38190-0c13-11df-b8c6-b8a03c50a862
598	0.18	0.7942	d3e1f5c1-0062-452c-8427-97aaa7061391
681	0.18	0.8059	d3fcc4bd-bdbc-403d-92a0-bdb12fdec2fb
4261	0.09	0.8277	d4aa2255-f927-4220-af22-2958298733b7
63	0.09	0.9	d4df21c8-c2cb-4b15-bec3-ec177e1c2455
180	0.09	0.6716	d5ba4b26-8af9-4c4f-9ff2-514e76683fb4
40	0.09	0.8696	d5bfc162-8621-4f3c-85b3-0965b475c81b
603	0.18	0.7966	d5f2bf6a-bd53-450f-a697-ce2356c6c1a7
252	0.09	0.5806	d6172663-73c4-4dfa-b483-36f454936a37
65	0.09	0.9701	d67d398d-e252-4cbe-9f04-934415445008
82	0.09	0.9011	d6a3ccff-1a58-4b45-9a5e-b27d5c2796a6
44	0.09	0.8462	d6bef7ce-2340-401d-9151-fd258a2dd5db
619	0.18	0.8177	d7042fc7-efd1-4278-82ad-e3ac1fe51dd1
45	0.09	0.4327	d72c693c-048a-4980-8e81-b55603060061
598	0.18	0.7817	d7c67c84-38f6-472b-85f4-8162dbab2938
5107	0.09	0.9907	d7cc19ba-7785-4131-ab63-3328a99ecfab
36	0.09	0.6545	d7f4c94f-5aaf-4770-8fa4-498042a8db57
1745	0.09	0.7567	d85e9305-e0e5-4e95-b7b0-e87a0488db85
855	0.18	0.8415	d87dbd87-d7d7-418e-8c0d-1dee00bc8a88
717	0.18	0.8299	d8985124-0c96-4c95-9dcb-b7615bf96b1c
727	0.18	0.8328	d8cb2703-b53b-480a-aecb-8234d893bdb4
148	0.09	0.8916	d9870517-1d50-45f0-831c-a783922c22d3
2169	0.09	0.8213	d9e6df9f-4d2f-4450-b730-e9070e9fab06
418	0.09	0.8856	da216795-b3ad-41c2-ac4e-3d8faf4743d2
170	0.09	0.3795	db352498-98f4-4bc2-8bd9-26234ac48659
34	0.09	1	db5f7e43-1198-4712-b209-e594c923eb7b
40	0.09	0.5882	db911c59-3894-47df-99bd-e2f1af48a739
49	0.09	0.9608	db950479-def4-4f4f-80ca-2f3fd10eaf8e
137	0.09	0.7611	dbc709b9-e36e-4dd7-ab5b-c3cb08c2779d
34	0.04	0.6296	dc55fd8a-47af-47fe-a59e-a2890c72fed1
695	0.18	0.8072	dc5a0f68-8c15-40f8-a1bb-64e873fcacd0
560	0.04	0.9622	dc692432-d85c-46cc-82bc-2fb1ff38decc
54	0.09	0.7941	dcb022ba-6a6b-4ed1-955b-5bf795b54f07
309	0.18	0.7203	dcb4276b-4fa5-445a-ac8f-6d9937971a0a
33	0.09	0.4024	dce533af-6a50-4d6b-900b-7c60fb709559
773	0.18	0.8285	dcfa2bf5-d06f-4557-a756-4377d76c7b84
47	0.09	0.8393	dd015612-5037-4f57-840e-e7644c0e0248
1209	0.09	0.9983	dd238f50-f594-4e51-82af-033227ccab55
70	0.18	0.4459	dd9f0c81-b7c6-449a-a6a6-5649dd982010
465	0.18	0.7277	ddaf56d8-8d92-457e-b4c4-62a2802672f6
681	0.18	0.8107	ddca6af6-b02a-42d8-867f-ed5103120378
774	0.18	0.8217	de69ada8-b46c-48c9-91ef-6171aa9b0b77
223	0.04	0.6598	deae7cbd-0c20-422f-a7f9-4e8acfb57c4a
280	0.1	0.979	dee8edc4-b19a-11e2-886d-00145eb45e9a
33	0.09	0.9429	deec913d-9a81-4904-a972-aed476d31c6d
93	0.09	0.6242	df14b969-829f-42ad-afe5-50d5c9ed28a6
2530	0.09	0.8653	df87d47a-6580-4417-8c4c-7e1a504ed4a7
130	0.09	0.9848	e030b8bc-bd4d-440e-80d8-12b764e85db5
74	0.04	0.9136	e0507994-aa35-4ec0-be28-92d4a3c11f75
31	0.09	0.9688	e091028c-81ab-4848-b190-081a5224008b
76	0.04	0.7677	e16a9392-b28a-47e9-a92a-f20c240f39a4
49	0.09	0.3952	e1d4def9-b584-4792-85fe-89e5ae5db3ac
88	0.09	0.3188	e2032ac4-b998-47ea-a30a-2608e6a7f7f5
711	0.04	0.9115	e26068ea-aad4-4734-9219-d7d1805e8391
46	0.09	0.6667	e2da0609-01c9-4a51-b72e-3a2e54da4e62
43	0.18	0.3282	e3096c7e-f927-4f54-a582-4acd0566ea83
62	0.09	0.9688	e319ac8b-b424-4273-990b-94b39a767701
7051	0.03	0.3629	e37c5967-cdce-408a-8316-78387638bd6b
784	0.18	0.8358	e37e9e11-3e6b-49b6-89d6-7e62f48bdab1
6417	0.1	0.724	e3ce628e-9683-4af7-b7a9-47eef785d3bb
694	0.18	0.8079	e42904bf-69b6-42f7-bc44-68bc093405b8
575	0.18	0.7975	e48115ce-e4db-4d84-800c-327503c77028
88	0.18	0.55	e4ec56ab-850f-42ac-a5f0-232802f0f1e6
87	0.18	0.4531	e52c8a64-7105-47dd-8002-699de13d4480
844	0.18	0.8323	e54fab29-8685-41b4-8fe7-796a5b9a3de5
46	0.09	0.8846	e5850855-df3d-4209-a71f-0fa852619638
51	0.05	0.7083	e5e93769-81c3-43b3-bfb5-0ecdc3ac693d
294	0.1	0.7696	e6033178-5da4-411d-91cf-457683f28b3d
1621	0.09	0.9759	e67c686b-c880-4a82-887c-d8d85f94d6c8
130	0.09	0.3316	e68f3119-bddd-4df6-849a-60aed2d76287
45	0.09	0.7627	e6c891bc-f7fa-48f0-9e6d-aa8364097f52
12684	0.05	0.9993	e6fab7b3-c733-40b9-8df3-2a03e49532c1
160	0.18	0.5839	e71a269d-929b-4bd2-a437-39f1d4fe8068
5269	0.09	0.988	e7c5a179-b6d7-497e-8fb9-41e0ef1bb21e
643	0.04	0.9969	e7cbb0ed-04c6-44ce-ac86-ebe49f4efb28
57	0.09	0.8906	e87e14f1-76e9-48a1-8378-98cc909eb301
286	0.05	0.7989	e88fdc62-ea3b-41a3-8967-b3780f602c0b
123	0.09	0.5829	e9259974-4dbb-4799-aad0-acc30fb55da6
50	0.09	0.9091	ea25d7b3-ac00-4951-9c52-b4763240dc5b
323	0.09	0.9255	eabe9306-fd68-4140-83fc-554da92e6268
477	0.09	0.6984	ead74478-edb2-46d5-bea6-7c5f6060cd4a
36	0.09	1	eadbd385-3683-4411-9221-80a2b669fa29
80	0.09	0.4938	eaee9bce-dc55-4c89-b092-1ce88923b6fc
412	0.04	0.7574	eba1cb5d-eafe-4828-99c4-e9f53f14d7bc
618	0.18	0.8251	ec7324c4-4188-4c2f-a97c-7207b7ebca6f
59	0.09	0.7564	ecd40b2a-4bb3-4665-9590-2a3ad24f4864
180	0.09	0.5028	ed524224-4cd7-4310-8f46-e434ae8d3b32
646	0.18	0.7975	ede153cc-3e9c-4a9d-8445-50f265d74330
463	0.09	0.9606	ee57ec5e-1fcc-437a-9783-fd58a2ee73d7
72	0.09	0.8889	ee5f5e73-28e3-4018-abc9-12dbf3a07553
320	0.18	0.7356	ee601209-8e4f-4781-9aa7-65e9fc3698ff
201	0.09	0.9757	ee74ecf1-7acf-4c5d-8dcb-43e09fae474c
35	0.09	0.7778	ef2605dc-a8f4-4ce5-a12f-4b5112a56a36
748	0.18	0.8311	ef9c2624-7de8-44e2-9b0c-662cff407450
63	0.18	0.4599	efa0d4fa-f940-40a5-ad85-2a81cba1cd88
34	0.09	0.4048	f0613af8-9a0e-42c9-bdc7-1479521a26fd
300	0.1	0.7557	f0a7ca6e-8da6-4629-97bd-0368705a4d6b
57	0.18	0.3631	f0b11e89-0668-4823-8646-920552139fa9
53	0.09	0.4569	f12269f8-2b9e-44a2-81bf-57939270aa6c
47	0.09	0.6912	f1254d00-734a-42c0-a5cb-550e1ca26594
35	0.09	0.9211	f13aaa9c-fa41-4659-903b-5869ee294a77
1430	0.09	0.8882	f14f3ec9-c54a-477d-82c8-f7ba6925534a
118	0.1	0.8676	f154e12c-b2f4-4654-9a79-822fedc7b094
877	0.18	0.6927	f1566792-b416-4692-a09c-7e8aa8d17be6
108	0.09	0.8926	f182531a-67f8-4d54-8b05-69294a7bccb1
54	0.09	0.4426	f298961a-460f-4251-8491-46512793f135
44	0.09	0.88	f2df8baf-aaa3-4aa6-a593-c7bb2785b7e4
365	0.09	0.7329	f2e0d85b-8f0e-4045-b97e-66e5a837696c
37	0.03	0.4253	f325b575-ebc3-4320-a09e-81b15ba345e7
152	0.09	1	f339bf2a-5411-40d5-b4ed-80d0fc28f32d
37	0.09	1	f34bfbe6-4027-447e-a1c2-e1686bab02e3
67	0.09	0.7053	f36b54b3-fedd-4191-8a49-9f3d9d85d58b
375	0.18	0.6919	f3fe9414-fa46-4e8a-841d-0a71cbc50b29
493	0.09	1	f4319512-a82d-4d24-8ded-54c5dd44910e
132	0.09	0.6839	f48370df-fe76-4adb-a006-731c68daf2d5
696	0.18	0.8159	f4a8260f-6cf6-481f-8e51-95fba62efbc9
168	0.1	0.3953	f5783452-6ff5-4bef-8f30-9adfeba81bd7
5134	0.09	0.9921	f5e9bf91-d834-49ed-a58a-78b9cb952b35
211	0.09	0.6533	f60e31a5-dc12-44c1-8358-098f131cd141
770	0.18	0.8218	f69d7b88-6aa3-4372-9bd7-f81df97dafde
142	0.09	0.9726	f6e737bf-349b-4731-81d1-330d8fe025e7
705	0.18	0.8113	f6ef7f09-dd59-4510-9d93-e117f0a69ae6
52	0.09	0.8966	f700451d-39a8-4db9-a753-5dc293bcd60b
38	0.09	0.9744	f84902b2-ef45-4e89-83e7-5d1f190f0562
53	0.09	0.8833	f870ac2b-3b10-4ce9-a512-fad62bcddc32
1414	0.09	0.724	f88f9c5b-9097-4bfe-877a-8917b08f75e3
38	0.09	0.9744	f8caee29-6357-4b44-8c2f-d0262ee532eb
402	0.09	0.8392	f8f4c490-8ab3-4e27-b871-944fb807bc1b
64	0.09	0.9552	f8fc226c-18ee-4cbd-a368-50348ed02124
299	0.18	0.7205	f91a7916-4974-4b3f-8186-b7a37f43e5d1
651	0.18	0.7949	f966888d-61a4-4fab-b2eb-9ce4912b6e40
944	0.05	0.9555	f97eeccc-8409-4075-ab7c-8980f73c0d0d
564	0.18	0.7779	f97ff554-6da6-43ef-9189-f9b8ef46bce0
594	0.18	0.7868	f9f69819-36a1-4aa1-9363-043a212b66f5
32	0.09	0.3721	fa11e3b9-99ca-4059-9acc-390bb74be648
104	0.18	0.5024	fa52d7a4-a137-4200-bbdd-11c61fa1dc18
89	0.09	0.9175	fab1a7c1-c288-4cee-bea3-b682fe5d1608
142	0.04	0.5613	faf313a1-9ae4-43f4-bfc9-974281feac0e
130	0.18	0.5179	fb5af424-df60-44ab-a3b6-2063242152f0
272	0.18	0.6817	fb69e2bf-dfd0-460f-8709-7f4a3feadf07
55	0.09	0.44	fb77ae34-c5c5-49b9-8510-2d6000f8cf45
2894	0.09	0.8733	fb7d56ee-11aa-454f-8542-89e2ce0fa976
646	0.18	0.7897	fc0501d4-ee53-49e0-a6ad-0e47c73507e3
287	0.33	1	fc5248b0-2fe9-11de-816f-b8a03c50a862
761	0.05	0.7837	fc992520-9e66-11dc-8738-b8a03c50a862
37	0.09	0.6491	fca94eef-fe48-4d02-ac0e-f5d1952ed585
45	0.09	0.9184	fcc07720-a1c3-4e74-aee6-f9ca2593087f
898	0.18	0.7313	fcce992c-9621-4fb0-9863-2e7eae858ae8
47	0.09	0.8704	fd0807e5-f55d-49af-bc79-7e133fab08bc
35	0.09	0.814	fd1c3cce-fe6a-4a0c-b65b-4b7b840e74be
39	0.09	0.975	fd5b4916-122e-48bb-abe5-33dfd04f95e6
76	0.09	0.6441	fda395aa-63c9-4b98-99e4-8d37651aa4f5
92	1	1	fe35d6a0-0c6e-11dd-84d2-b8a03c50a862
2817	0.09	0.8583	fe99edff-54d8-43b9-a25d-57964403efa6
40	0.09	0.9756	febbedff-5914-466d-a7a9-acc028a13b8b
282	0.18	0.6323	fedc7fdd-ebec-448c-937f-5534f884eab7
485	0.09	0.4974	fefbe340-ee56-44ad-98c5-50549d78a82d
55	0.09	0.6548	ff1a668d-9b6d-4134-836f-0f3f509bd67a
359	0.25	0.8886	ffab0ec5-c5f9-4c26-9b63-28696dc5cac5
271	0.18	0.7003	ffc67d3c-b2f4-43b8-81a8-ae31521c4a22
60	0.09	0.5825	ffd94f81-36e4-408c-868a-16f38d899b54
108	0.18	0.5455	fff8dd17-0bff-4854-88d1-098b6a64766b
